Page,Date,PageViews
Apache_Hadoop,2015-07-05,10421.0
Apache_Hadoop,2015-07-12,20771.0
Apache_Hadoop,2015-07-19,24920.0
Apache_Hadoop,2015-07-26,25483.0
Apache_Hadoop,2015-08-02,24805.0
Apache_Hadoop,2015-08-09,22842.0
Apache_Hadoop,2015-08-16,22523.0
Apache_Hadoop,2015-08-23,24461.0
Apache_Hadoop,2015-08-30,25747.0
Apache_Hadoop,2015-09-06,26049.0
Apache_Hadoop,2015-09-13,27029.0
Apache_Hadoop,2015-09-20,30594.0
Apache_Hadoop,2015-09-27,31469.0
Apache_Hadoop,2015-10-04,33683.0
Apache_Hadoop,2015-10-11,33274.0
Apache_Hadoop,2015-10-18,33192.0
Apache_Hadoop,2015-10-25,30253.0
Apache_Hadoop,2015-11-01,28060.0
Apache_Hadoop,2015-11-08,30630.0
Apache_Hadoop,2015-11-15,25978.0
Apache_Hadoop,2015-11-22,26082.0
Apache_Hadoop,2015-11-29,22775.0
Apache_Hadoop,2015-12-06,22744.0
Apache_Hadoop,2015-12-13,21783.0
Apache_Hadoop,2015-12-20,23249.0
Apache_Hadoop,2015-12-27,15716.0
Apache_Hadoop,2016-01-03,14507.0
Apache_Hadoop,2016-01-10,22502.0
Apache_Hadoop,2016-01-17,20472.0
Apache_Hadoop,2016-01-24,21789.0
Apache_Hadoop,2016-01-31,24458.0
Apache_Hadoop,2016-02-07,26318.0
Apache_Hadoop,2016-02-14,27443.0
Apache_Hadoop,2016-02-21,27085.0
Apache_Hadoop,2016-02-28,26969.0
Apache_Hadoop,2016-03-06,26776.0
Apache_Hadoop,2016-03-13,28095.0
Apache_Hadoop,2016-03-20,29975.0
Apache_Hadoop,2016-03-27,24740.0
Apache_Hadoop,2016-04-03,25521.0
Apache_Hadoop,2016-04-10,21712.0
Apache_Hadoop,2016-04-17,21621.0
Apache_Hadoop,2016-04-24,21573.0
Apache_Hadoop,2016-05-01,19729.0
Apache_Spark,2015-07-05,3829.0
Apache_Spark,2015-07-12,6683.0
Apache_Spark,2015-07-19,8079.0
Apache_Spark,2015-07-26,7760.0
Apache_Spark,2015-08-02,7033.0
Apache_Spark,2015-08-09,7098.0
Apache_Spark,2015-08-16,6677.0
Apache_Spark,2015-08-23,7560.0
Apache_Spark,2015-08-30,7394.0
Apache_Spark,2015-09-06,7398.0
Apache_Spark,2015-09-13,7800.0
Apache_Spark,2015-09-20,8211.0
Apache_Spark,2015-09-27,9088.0
Apache_Spark,2015-10-04,8997.0
Apache_Spark,2015-10-11,8794.0
Apache_Spark,2015-10-18,8546.0
Apache_Spark,2015-10-25,8697.0
Apache_Spark,2015-11-01,9794.0
Apache_Spark,2015-11-08,9812.0
Apache_Spark,2015-11-15,9269.0
Apache_Spark,2015-11-22,9583.0
Apache_Spark,2015-11-29,7969.0
Apache_Spark,2015-12-06,9516.0
Apache_Spark,2015-12-13,9254.0
Apache_Spark,2015-12-20,8477.0
Apache_Spark,2015-12-27,5780.0
Apache_Spark,2016-01-03,5591.0
Apache_Spark,2016-01-10,8817.0
Apache_Spark,2016-01-17,9268.0
Apache_Spark,2016-01-24,9487.0
Apache_Spark,2016-01-31,9308.0
Apache_Spark,2016-02-07,9573.0
Apache_Spark,2016-02-14,9979.0
Apache_Spark,2016-02-21,10406.0
Apache_Spark,2016-02-28,10978.0
Apache_Spark,2016-03-06,10484.0
Apache_Spark,2016-03-13,10271.0
Apache_Spark,2016-03-20,11671.0
Apache_Spark,2016-03-27,10039.0
Apache_Spark,2016-04-03,10502.0
Apache_Spark,2016-04-10,10330.0
Apache_Spark,2016-04-17,11103.0
Apache_Spark,2016-04-24,10578.0
Apache_Spark,2016-05-01,9931.0
Bernie_Sanders,2015-07-05,93238.0
Bernie_Sanders,2015-07-12,172817.0
Bernie_Sanders,2015-07-19,177458.0
Bernie_Sanders,2015-07-26,175671.0
Bernie_Sanders,2015-08-02,150429.0
Bernie_Sanders,2015-08-09,267174.0
Bernie_Sanders,2015-08-16,494228.0
Bernie_Sanders,2015-08-23,272262.0
Bernie_Sanders,2015-08-30,216836.0
Bernie_Sanders,2015-09-06,231042.0
Bernie_Sanders,2015-09-13,253541.0
Bernie_Sanders,2015-09-20,377923.0
Bernie_Sanders,2015-09-27,206378.0
Bernie_Sanders,2015-10-04,153697.0
Bernie_Sanders,2015-10-11,166674.0
Bernie_Sanders,2015-10-18,779477.0
Bernie_Sanders,2015-10-25,244835.0
Bernie_Sanders,2015-11-01,173699.0
Bernie_Sanders,2015-11-08,185833.0
Bernie_Sanders,2015-11-15,188101.0
Bernie_Sanders,2015-11-22,128112.0
Bernie_Sanders,2015-11-29,103803.0
Bernie_Sanders,2015-12-06,84131.0
Bernie_Sanders,2015-12-13,157756.0
Bernie_Sanders,2015-12-20,242138.0
Bernie_Sanders,2015-12-27,156742.0
Bernie_Sanders,2016-01-03,127240.0
Bernie_Sanders,2016-01-10,152022.0
Bernie_Sanders,2016-01-17,341736.0
Bernie_Sanders,2016-01-24,590294.0
Bernie_Sanders,2016-01-31,587868.0
Bernie_Sanders,2016-02-07,1194644.0
Bernie_Sanders,2016-02-14,1252116.0
Bernie_Sanders,2016-02-21,617909.0
Bernie_Sanders,2016-02-28,469954.0
Bernie_Sanders,2016-03-06,547754.0
Bernie_Sanders,2016-03-13,591565.0
Bernie_Sanders,2016-03-20,432126.0
Bernie_Sanders,2016-03-27,324017.0
Bernie_Sanders,2016-04-03,302343.0
Bernie_Sanders,2016-04-10,401819.0
Bernie_Sanders,2016-04-17,388203.0
Bernie_Sanders,2016-04-24,275628.0
Bernie_Sanders,2016-05-01,154304.0
Deep_Learning,2015-07-05,257.0
Deep_Learning,2015-07-12,442.0
Deep_Learning,2015-07-19,468.0
Deep_Learning,2015-07-26,525.0
Deep_Learning,2015-08-02,495.0
Deep_Learning,2015-08-09,523.0
Deep_Learning,2015-08-16,529.0
Deep_Learning,2015-08-23,553.0
Deep_Learning,2015-08-30,509.0
Deep_Learning,2015-09-06,523.0
Deep_Learning,2015-09-13,544.0
Deep_Learning,2015-09-20,565.0
Deep_Learning,2015-09-27,598.0
Deep_Learning,2015-10-04,516.0
Deep_Learning,2015-10-11,598.0
Deep_Learning,2015-10-18,600.0
Deep_Learning,2015-10-25,551.0
Deep_Learning,2015-11-01,179.0
Deep_Learning,2015-11-08,199.0
Deep_Learning,2015-11-15,199.0
Deep_Learning,2015-11-22,229.0
Deep_Learning,2015-11-29,188.0
Deep_Learning,2015-12-06,221.0
Deep_Learning,2015-12-13,223.0
Deep_Learning,2015-12-20,264.0
Deep_Learning,2015-12-27,160.0
Deep_Learning,2016-01-03,155.0
Deep_Learning,2016-01-10,188.0
Deep_Learning,2016-01-17,197.0
Deep_Learning,2016-01-24,219.0
Deep_Learning,2016-01-31,275.0
Deep_Learning,2016-02-07,253.0
Deep_Learning,2016-02-14,182.0
Deep_Learning,2016-02-21,194.0
Deep_Learning,2016-02-28,196.0
Deep_Learning,2016-03-06,217.0
Deep_Learning,2016-03-13,283.0
Deep_Learning,2016-03-20,278.0
Deep_Learning,2016-03-27,190.0
Deep_Learning,2016-04-03,222.0
Deep_Learning,2016-04-10,221.0
Deep_Learning,2016-04-17,225.0
Deep_Learning,2016-04-24,193.0
Deep_Learning,2016-05-01,192.0
Donald_Trump,2015-07-05,117930.0
Donald_Trump,2015-07-12,280541.0
Donald_Trump,2015-07-19,465661.0
Donald_Trump,2015-07-26,640293.0
Donald_Trump,2015-08-02,406345.0
Donald_Trump,2015-08-09,703834.0
Donald_Trump,2015-08-16,593561.0
Donald_Trump,2015-08-23,692339.0
Donald_Trump,2015-08-30,737883.0
Donald_Trump,2015-09-06,461668.0
Donald_Trump,2015-09-13,411716.0
Donald_Trump,2015-09-20,708774.0
Donald_Trump,2015-09-27,377140.0
Donald_Trump,2015-10-04,352353.0
Donald_Trump,2015-10-11,235675.0
Donald_Trump,2015-10-18,269972.0
Donald_Trump,2015-10-25,224885.0
Donald_Trump,2015-11-01,308369.0
Donald_Trump,2015-11-08,248802.0
Donald_Trump,2015-11-15,277473.0
Donald_Trump,2015-11-22,325157.0
Donald_Trump,2015-11-29,282901.0
Donald_Trump,2015-12-06,292168.0
Donald_Trump,2015-12-13,1020323.0
Donald_Trump,2015-12-20,683465.0
Donald_Trump,2015-12-27,450615.0
Donald_Trump,2016-01-03,361003.0
Donald_Trump,2016-01-10,427727.0
Donald_Trump,2016-01-17,529864.0
Donald_Trump,2016-01-24,575626.0
Donald_Trump,2016-01-31,699609.0
Donald_Trump,2016-02-07,3235551.0
Donald_Trump,2016-02-14,1467882.0
Donald_Trump,2016-02-21,1154502.0
Donald_Trump,2016-02-28,1934286.0
Donald_Trump,2016-03-06,11258085.0
Donald_Trump,2016-03-13,5521800.0
Donald_Trump,2016-03-20,2236392.0
Donald_Trump,2016-03-27,1449476.0
Donald_Trump,2016-04-03,1218768.0
Donald_Trump,2016-04-10,1008556.0
Donald_Trump,2016-04-17,758980.0
Donald_Trump,2016-04-24,741253.0
Donald_Trump,2016-05-01,671159.0
Hillary_Clinton,2015-07-05,22806.0
Hillary_Clinton,2015-07-12,51358.0
Hillary_Clinton,2015-07-19,65701.0
Hillary_Clinton,2015-07-26,72942.0
Hillary_Clinton,2015-08-02,69885.0
Hillary_Clinton,2015-08-09,114588.0
Hillary_Clinton,2015-08-16,110516.0
Hillary_Clinton,2015-08-23,110760.0
Hillary_Clinton,2015-08-30,98565.0
Hillary_Clinton,2015-09-06,81096.0
Hillary_Clinton,2015-09-13,92202.0
Hillary_Clinton,2015-09-20,114352.0
Hillary_Clinton,2015-09-27,82719.0
Hillary_Clinton,2015-10-04,80996.0
Hillary_Clinton,2015-10-11,93399.0
Hillary_Clinton,2015-10-18,217513.0
Hillary_Clinton,2015-10-25,178657.0
Hillary_Clinton,2015-11-01,116047.0
Hillary_Clinton,2015-11-08,98692.0
Hillary_Clinton,2015-11-15,105454.0
Hillary_Clinton,2015-11-22,83704.0
Hillary_Clinton,2015-11-29,60059.0
Hillary_Clinton,2015-12-06,64057.0
Hillary_Clinton,2015-12-13,92360.0
Hillary_Clinton,2015-12-20,117113.0
Hillary_Clinton,2015-12-27,95515.0
Hillary_Clinton,2016-01-03,86649.0
Hillary_Clinton,2016-01-10,99470.0
Hillary_Clinton,2016-01-17,138782.0
Hillary_Clinton,2016-01-24,179942.0
Hillary_Clinton,2016-01-31,177263.0
Hillary_Clinton,2016-02-07,344399.0
Hillary_Clinton,2016-02-14,318256.0
Hillary_Clinton,2016-02-21,202731.0
Hillary_Clinton,2016-02-28,244001.0
Hillary_Clinton,2016-03-06,391927.0
Hillary_Clinton,2016-03-13,331013.0
Hillary_Clinton,2016-03-20,327594.0
Hillary_Clinton,2016-03-27,206770.0
Hillary_Clinton,2016-04-03,194101.0
Hillary_Clinton,2016-04-10,225911.0
Hillary_Clinton,2016-04-17,201153.0
Hillary_Clinton,2016-04-24,250866.0
Hillary_Clinton,2016-05-01,164001.0
Independence_Day_(United_States),2015-07-05,372865.0
Independence_Day_(United_States),2015-07-12,63388.0
Independence_Day_(United_States),2015-07-19,31783.0
Independence_Day_(United_States),2015-07-26,22129.0
Independence_Day_(United_States),2015-08-02,19962.0
Independence_Day_(United_States),2015-08-09,20587.0
Independence_Day_(United_States),2015-08-16,33575.0
Independence_Day_(United_States),2015-08-23,16961.0
Independence_Day_(United_States),2015-08-30,15803.0
Independence_Day_(United_States),2015-09-06,17759.0
Independence_Day_(United_States),2015-09-13,18964.0
Independence_Day_(United_States),2015-09-20,21236.0
Independence_Day_(United_States),2015-09-27,16977.0
Independence_Day_(United_States),2015-10-04,17184.0
Independence_Day_(United_States),2015-10-11,16534.0
Independence_Day_(United_States),2015-10-18,16775.0
Independence_Day_(United_States),2015-10-25,16468.0
Independence_Day_(United_States),2015-11-01,15928.0
Independence_Day_(United_States),2015-11-08,17694.0
Independence_Day_(United_States),2015-11-15,19563.0
Independence_Day_(United_States),2015-11-22,19141.0
Independence_Day_(United_States),2015-11-29,18415.0
Independence_Day_(United_States),2015-12-06,17095.0
Independence_Day_(United_States),2015-12-13,17371.0
Independence_Day_(United_States),2015-12-20,17726.0
Independence_Day_(United_States),2015-12-27,11717.0
Independence_Day_(United_States),2016-01-03,13212.0
Independence_Day_(United_States),2016-01-10,15202.0
Independence_Day_(United_States),2016-01-17,14650.0
Independence_Day_(United_States),2016-01-24,15997.0
Independence_Day_(United_States),2016-01-31,19064.0
Independence_Day_(United_States),2016-02-07,36238.0
Independence_Day_(United_States),2016-02-14,21619.0
Independence_Day_(United_States),2016-02-21,18435.0
Independence_Day_(United_States),2016-02-28,18930.0
Independence_Day_(United_States),2016-03-06,19930.0
Independence_Day_(United_States),2016-03-13,16942.0
Independence_Day_(United_States),2016-03-20,17856.0
Independence_Day_(United_States),2016-03-27,16971.0
Independence_Day_(United_States),2016-04-03,18333.0
Independence_Day_(United_States),2016-04-10,20528.0
Independence_Day_(United_States),2016-04-17,16818.0
Independence_Day_(United_States),2016-04-24,18425.0
Independence_Day_(United_States),2016-05-01,15793.0
Jack_Ma,2015-07-05,10681.0
Jack_Ma,2015-07-12,19429.0
Jack_Ma,2015-07-19,17186.0
Jack_Ma,2015-07-26,16420.0
Jack_Ma,2015-08-02,16261.0
Jack_Ma,2015-08-09,17380.0
Jack_Ma,2015-08-16,22418.0
Jack_Ma,2015-08-23,17674.0
Jack_Ma,2015-08-30,18528.0
Jack_Ma,2015-09-06,14877.0
Jack_Ma,2015-09-13,16132.0
Jack_Ma,2015-09-20,25717.0
Jack_Ma,2015-09-27,17561.0
Jack_Ma,2015-10-04,18200.0
Jack_Ma,2015-10-11,17350.0
Jack_Ma,2015-10-18,16814.0
Jack_Ma,2015-10-25,18212.0
Jack_Ma,2015-11-01,20031.0
Jack_Ma,2015-11-08,19011.0
Jack_Ma,2015-11-15,34565.0
Jack_Ma,2015-11-22,46613.0
Jack_Ma,2015-11-29,27464.0
Jack_Ma,2015-12-06,26894.0
Jack_Ma,2015-12-13,20316.0
Jack_Ma,2015-12-20,18692.0
Jack_Ma,2015-12-27,14845.0
Jack_Ma,2016-01-03,17177.0
Jack_Ma,2016-01-10,16893.0
Jack_Ma,2016-01-17,17421.0
Jack_Ma,2016-01-24,19565.0
Jack_Ma,2016-01-31,18011.0
Jack_Ma,2016-02-07,22232.0
Jack_Ma,2016-02-14,57007.0
Jack_Ma,2016-02-21,33025.0
Jack_Ma,2016-02-28,34769.0
Jack_Ma,2016-03-06,22914.0
Jack_Ma,2016-03-13,24312.0
Jack_Ma,2016-03-20,30425.0
Jack_Ma,2016-03-27,31362.0
Jack_Ma,2016-04-03,22409.0
Jack_Ma,2016-04-10,22416.0
Jack_Ma,2016-04-17,23973.0
Jack_Ma,2016-04-24,22281.0
Jack_Ma,2016-05-01,32230.0
John_Kasich,2015-07-05,4355.0
John_Kasich,2015-07-12,11264.0
John_Kasich,2015-07-19,17889.0
John_Kasich,2015-07-26,150663.0
John_Kasich,2015-08-02,35292.0
John_Kasich,2015-08-09,234697.0
John_Kasich,2015-08-16,60605.0
John_Kasich,2015-08-23,42006.0
John_Kasich,2015-08-30,26887.0
John_Kasich,2015-09-06,23471.0
John_Kasich,2015-09-13,22850.0
John_Kasich,2015-09-20,117445.0
John_Kasich,2015-09-27,32331.0
John_Kasich,2015-10-04,16884.0
John_Kasich,2015-10-11,20976.0
John_Kasich,2015-10-18,18607.0
John_Kasich,2015-10-25,14600.0
John_Kasich,2015-11-01,100202.0
John_Kasich,2015-11-08,27945.0
John_Kasich,2015-11-15,75938.0
John_Kasich,2015-11-22,27378.0
John_Kasich,2015-11-29,21086.0
John_Kasich,2015-12-06,17593.0
John_Kasich,2015-12-13,22828.0
John_Kasich,2015-12-20,44917.0
John_Kasich,2015-12-27,17612.0
John_Kasich,2016-01-03,17458.0
John_Kasich,2016-01-10,21199.0
John_Kasich,2016-01-17,49370.0
John_Kasich,2016-01-24,44719.0
John_Kasich,2016-01-31,67780.0
John_Kasich,2016-02-07,110419.0
John_Kasich,2016-02-14,453909.0
John_Kasich,2016-02-21,200277.0
John_Kasich,2016-02-28,168895.0
John_Kasich,2016-03-06,301620.0
John_Kasich,2016-03-13,270752.0
John_Kasich,2016-03-20,467642.0
John_Kasich,2016-03-27,118511.0
John_Kasich,2016-04-03,107139.0
John_Kasich,2016-04-10,89185.0
John_Kasich,2016-04-17,130342.0
John_Kasich,2016-04-24,77167.0
John_Kasich,2016-05-01,73464.0
Megan_Fox,2015-07-05,13440.0
Megan_Fox,2015-07-12,36600.0
Megan_Fox,2015-07-19,58220.0
Megan_Fox,2015-07-26,70609.0
Megan_Fox,2015-08-02,65841.0
Megan_Fox,2015-08-09,62681.0
Megan_Fox,2015-08-16,79360.0
Megan_Fox,2015-08-23,184826.0
Megan_Fox,2015-08-30,89852.0
Megan_Fox,2015-09-06,65757.0
Megan_Fox,2015-09-13,55902.0
Megan_Fox,2015-09-20,62866.0
Megan_Fox,2015-09-27,50914.0
Megan_Fox,2015-10-04,60174.0
Megan_Fox,2015-10-11,57994.0
Megan_Fox,2015-10-18,56073.0
Megan_Fox,2015-10-25,47247.0
Megan_Fox,2015-11-01,43282.0
Megan_Fox,2015-11-08,49569.0
Megan_Fox,2015-11-15,56762.0
Megan_Fox,2015-11-22,49561.0
Megan_Fox,2015-11-29,49629.0
Megan_Fox,2015-12-06,49668.0
Megan_Fox,2015-12-13,78234.0
Megan_Fox,2015-12-20,62425.0
Megan_Fox,2015-12-27,55308.0
Megan_Fox,2016-01-03,76516.0
Megan_Fox,2016-01-10,65071.0
Megan_Fox,2016-01-17,53622.0
Megan_Fox,2016-01-24,58163.0
Megan_Fox,2016-01-31,62601.0
Megan_Fox,2016-02-07,58036.0
Megan_Fox,2016-02-14,110008.0
Megan_Fox,2016-02-21,92794.0
Megan_Fox,2016-02-28,82218.0
Megan_Fox,2016-03-06,76940.0
Megan_Fox,2016-03-13,71035.0
Megan_Fox,2016-03-20,59895.0
Megan_Fox,2016-03-27,64623.0
Megan_Fox,2016-04-03,61258.0
Megan_Fox,2016-04-10,63146.0
Megan_Fox,2016-04-17,222337.0
Megan_Fox,2016-04-24,75604.0
Megan_Fox,2016-05-01,68804.0
Ryan_Gosling,2015-07-05,15714.0
Ryan_Gosling,2015-07-12,43677.0
Ryan_Gosling,2015-07-19,75097.0
Ryan_Gosling,2015-07-26,71641.0
Ryan_Gosling,2015-08-02,71082.0
Ryan_Gosling,2015-08-09,57996.0
Ryan_Gosling,2015-08-16,62827.0
Ryan_Gosling,2015-08-23,56226.0
Ryan_Gosling,2015-08-30,63598.0
Ryan_Gosling,2015-09-06,58304.0
Ryan_Gosling,2015-09-13,58888.0
Ryan_Gosling,2015-09-20,71743.0
Ryan_Gosling,2015-09-27,63111.0
Ryan_Gosling,2015-10-04,51393.0
Ryan_Gosling,2015-10-11,58744.0
Ryan_Gosling,2015-10-18,53167.0
Ryan_Gosling,2015-10-25,56786.0
Ryan_Gosling,2015-11-01,50527.0
Ryan_Gosling,2015-11-08,51022.0
Ryan_Gosling,2015-11-15,69017.0
Ryan_Gosling,2015-11-22,60791.0
Ryan_Gosling,2015-11-29,59391.0
Ryan_Gosling,2015-12-06,123801.0
Ryan_Gosling,2015-12-13,143174.0
Ryan_Gosling,2015-12-20,70023.0
Ryan_Gosling,2015-12-27,67006.0
Ryan_Gosling,2016-01-03,97631.0
Ryan_Gosling,2016-01-10,86382.0
Ryan_Gosling,2016-01-17,98531.0
Ryan_Gosling,2016-01-24,80191.0
Ryan_Gosling,2016-01-31,74287.0
Ryan_Gosling,2016-02-07,65407.0
Ryan_Gosling,2016-02-14,74960.0
Ryan_Gosling,2016-02-21,69509.0
Ryan_Gosling,2016-02-28,60069.0
Ryan_Gosling,2016-03-06,112181.0
Ryan_Gosling,2016-03-13,60779.0
Ryan_Gosling,2016-03-20,55855.0
Ryan_Gosling,2016-03-27,62843.0
Ryan_Gosling,2016-04-03,58724.0
Ryan_Gosling,2016-04-10,57507.0
Ryan_Gosling,2016-04-17,119451.0
Ryan_Gosling,2016-04-24,66509.0
Ryan_Gosling,2016-05-01,54057.0
Sam_Anderson_(Tamil_actor),2015-07-05,185.0
Sam_Anderson_(Tamil_actor),2015-07-12,499.0
Sam_Anderson_(Tamil_actor),2015-07-19,855.0
Sam_Anderson_(Tamil_actor),2015-07-26,749.0
Sam_Anderson_(Tamil_actor),2015-08-02,629.0
Sam_Anderson_(Tamil_actor),2015-08-09,629.0
Sam_Anderson_(Tamil_actor),2015-08-16,1154.0
Sam_Anderson_(Tamil_actor),2015-08-23,766.0
Sam_Anderson_(Tamil_actor),2015-08-30,717.0
Sam_Anderson_(Tamil_actor),2015-09-06,562.0
Sam_Anderson_(Tamil_actor),2015-09-13,601.0
Sam_Anderson_(Tamil_actor),2015-09-20,678.0
Sam_Anderson_(Tamil_actor),2015-09-27,625.0
Sam_Anderson_(Tamil_actor),2015-10-04,642.0
Sam_Anderson_(Tamil_actor),2015-10-11,771.0
Sam_Anderson_(Tamil_actor),2015-10-18,697.0
Sam_Anderson_(Tamil_actor),2015-10-25,890.0
Sam_Anderson_(Tamil_actor),2015-11-01,771.0
Sam_Anderson_(Tamil_actor),2015-11-08,591.0
Sam_Anderson_(Tamil_actor),2015-11-15,975.0
Sam_Anderson_(Tamil_actor),2015-11-22,875.0
Sam_Anderson_(Tamil_actor),2015-11-29,1017.0
Sam_Anderson_(Tamil_actor),2015-12-06,841.0
Sam_Anderson_(Tamil_actor),2015-12-13,863.0
Sam_Anderson_(Tamil_actor),2015-12-20,964.0
Sam_Anderson_(Tamil_actor),2015-12-27,861.0
Sam_Anderson_(Tamil_actor),2016-01-03,862.0
Sam_Anderson_(Tamil_actor),2016-01-10,785.0
Sam_Anderson_(Tamil_actor),2016-01-17,994.0
Sam_Anderson_(Tamil_actor),2016-01-24,788.0
Sam_Anderson_(Tamil_actor),2016-01-31,925.0
Sam_Anderson_(Tamil_actor),2016-02-07,718.0
Sam_Anderson_(Tamil_actor),2016-02-14,688.0
Sam_Anderson_(Tamil_actor),2016-02-21,632.0
Sam_Anderson_(Tamil_actor),2016-02-28,706.0
Sam_Anderson_(Tamil_actor),2016-03-06,551.0
Sam_Anderson_(Tamil_actor),2016-03-13,740.0
Sam_Anderson_(Tamil_actor),2016-03-20,600.0
Sam_Anderson_(Tamil_actor),2016-03-27,608.0
Sam_Anderson_(Tamil_actor),2016-04-03,573.0
Sam_Anderson_(Tamil_actor),2016-04-10,618.0
Sam_Anderson_(Tamil_actor),2016-04-17,721.0
Sam_Anderson_(Tamil_actor),2016-04-24,638.0
Sam_Anderson_(Tamil_actor),2016-05-01,618.0
Shah_Rukh_Khan,2015-07-05,18381.0
Shah_Rukh_Khan,2015-07-12,61365.0
Shah_Rukh_Khan,2015-07-19,104449.0
Shah_Rukh_Khan,2015-07-26,98783.0
Shah_Rukh_Khan,2015-08-02,96216.0
Shah_Rukh_Khan,2015-08-09,91121.0
Shah_Rukh_Khan,2015-08-16,89992.0
Shah_Rukh_Khan,2015-08-23,87988.0
Shah_Rukh_Khan,2015-08-30,80497.0
Shah_Rukh_Khan,2015-09-06,81404.0
Shah_Rukh_Khan,2015-09-13,81174.0
Shah_Rukh_Khan,2015-09-20,84959.0
Shah_Rukh_Khan,2015-09-27,86316.0
Shah_Rukh_Khan,2015-10-04,84519.0
Shah_Rukh_Khan,2015-10-11,85026.0
Shah_Rukh_Khan,2015-10-18,95570.0
Shah_Rukh_Khan,2015-10-25,112076.0
Shah_Rukh_Khan,2015-11-01,111366.0
Shah_Rukh_Khan,2015-11-08,283257.0
Shah_Rukh_Khan,2015-11-15,120307.0
Shah_Rukh_Khan,2015-11-22,103004.0
Shah_Rukh_Khan,2015-11-29,106408.0
Shah_Rukh_Khan,2015-12-06,110995.0
Shah_Rukh_Khan,2015-12-13,126643.0
Shah_Rukh_Khan,2015-12-20,194140.0
Shah_Rukh_Khan,2015-12-27,190221.0
Shah_Rukh_Khan,2016-01-03,168809.0
Shah_Rukh_Khan,2016-01-10,144597.0
Shah_Rukh_Khan,2016-01-17,122160.0
Shah_Rukh_Khan,2016-01-24,103159.0
Shah_Rukh_Khan,2016-01-31,101876.0
Shah_Rukh_Khan,2016-02-07,95855.0
Shah_Rukh_Khan,2016-02-14,98072.0
Shah_Rukh_Khan,2016-02-21,118078.0
Shah_Rukh_Khan,2016-02-28,97886.0
Shah_Rukh_Khan,2016-03-06,109973.0
Shah_Rukh_Khan,2016-03-13,92573.0
Shah_Rukh_Khan,2016-03-20,85027.0
Shah_Rukh_Khan,2016-03-27,96489.0
Shah_Rukh_Khan,2016-04-03,96830.0
Shah_Rukh_Khan,2016-04-10,105905.0
Shah_Rukh_Khan,2016-04-17,172390.0
Shah_Rukh_Khan,2016-04-24,169880.0
Shah_Rukh_Khan,2016-05-01,103716.0
String_theory,2015-07-05,14302.0
String_theory,2015-07-12,24913.0
String_theory,2015-07-19,35761.0
String_theory,2015-07-26,38671.0
String_theory,2015-08-02,34651.0
String_theory,2015-08-09,37513.0
String_theory,2015-08-16,35637.0
String_theory,2015-08-23,33376.0
String_theory,2015-08-30,32465.0
String_theory,2015-09-06,29423.0
String_theory,2015-09-13,19967.0
String_theory,2015-09-20,29725.0
String_theory,2015-09-27,44022.0
String_theory,2015-10-04,22206.0
String_theory,2015-10-11,22512.0
String_theory,2015-10-18,22910.0
String_theory,2015-10-25,23235.0
String_theory,2015-11-01,24319.0
String_theory,2015-11-08,42011.0
String_theory,2015-11-15,51312.0
String_theory,2015-11-22,42237.0
String_theory,2015-11-29,40665.0
String_theory,2015-12-06,23638.0
String_theory,2015-12-13,23860.0
String_theory,2015-12-20,24727.0
String_theory,2015-12-27,21657.0
String_theory,2016-01-03,21845.0
String_theory,2016-01-10,23685.0
String_theory,2016-01-17,23505.0
String_theory,2016-01-24,22755.0
String_theory,2016-01-31,23601.0
String_theory,2016-02-07,23915.0
String_theory,2016-02-14,28164.0
String_theory,2016-02-21,27040.0
String_theory,2016-02-28,24305.0
String_theory,2016-03-06,22465.0
String_theory,2016-03-13,23027.0
String_theory,2016-03-20,25993.0
String_theory,2016-03-27,20446.0
String_theory,2016-04-03,22799.0
String_theory,2016-04-10,21291.0
String_theory,2016-04-17,22207.0
String_theory,2016-04-24,20094.0
String_theory,2016-05-01,18741.0
Sundar_Pichai,2015-07-05,2233.0
Sundar_Pichai,2015-07-12,7494.0
Sundar_Pichai,2015-07-19,6928.0
Sundar_Pichai,2015-07-26,4880.0
Sundar_Pichai,2015-08-02,4933.0
Sundar_Pichai,2015-08-09,4648.0
Sundar_Pichai,2015-08-16,1440289.0
Sundar_Pichai,2015-08-23,171559.0
Sundar_Pichai,2015-08-30,81187.0
Sundar_Pichai,2015-09-06,93452.0
Sundar_Pichai,2015-09-13,59309.0
Sundar_Pichai,2015-09-20,49567.0
Sundar_Pichai,2015-09-27,121446.0
Sundar_Pichai,2015-10-04,189068.0
Sundar_Pichai,2015-10-11,69395.0
Sundar_Pichai,2015-10-18,55810.0
Sundar_Pichai,2015-10-25,55499.0
Sundar_Pichai,2015-11-01,47288.0
Sundar_Pichai,2015-11-08,44633.0
Sundar_Pichai,2015-11-15,38998.0
Sundar_Pichai,2015-11-22,43617.0
Sundar_Pichai,2015-11-29,41102.0
Sundar_Pichai,2015-12-06,42824.0
Sundar_Pichai,2015-12-13,59290.0
Sundar_Pichai,2015-12-20,271800.0
Sundar_Pichai,2015-12-27,109072.0
Sundar_Pichai,2016-01-03,148769.0
Sundar_Pichai,2016-01-10,69556.0
Sundar_Pichai,2016-01-17,52810.0
Sundar_Pichai,2016-01-24,50427.0
Sundar_Pichai,2016-01-31,49435.0
Sundar_Pichai,2016-02-07,63292.0
Sundar_Pichai,2016-02-14,140037.0
Sundar_Pichai,2016-02-21,91411.0
Sundar_Pichai,2016-02-28,60367.0
Sundar_Pichai,2016-03-06,57586.0
Sundar_Pichai,2016-03-13,60128.0
Sundar_Pichai,2016-03-20,42770.0
Sundar_Pichai,2016-03-27,44844.0
Sundar_Pichai,2016-04-03,89004.0
Sundar_Pichai,2016-04-10,45485.0
Sundar_Pichai,2016-04-17,41004.0
Sundar_Pichai,2016-04-24,54987.0
Sundar_Pichai,2016-05-01,46579.0
Ted_Cruz,2015-07-05,18482.0
Ted_Cruz,2015-07-12,30172.0
Ted_Cruz,2015-07-19,38025.0
Ted_Cruz,2015-07-26,45775.0
Ted_Cruz,2015-08-02,38077.0
Ted_Cruz,2015-08-09,201334.0
Ted_Cruz,2015-08-16,73485.0
Ted_Cruz,2015-08-23,73202.0
Ted_Cruz,2015-08-30,51337.0
Ted_Cruz,2015-09-06,53329.0
Ted_Cruz,2015-09-13,46448.0
Ted_Cruz,2015-09-20,151413.0
Ted_Cruz,2015-09-27,83298.0
Ted_Cruz,2015-10-04,44402.0
Ted_Cruz,2015-10-11,33643.0
Ted_Cruz,2015-10-18,39069.0
Ted_Cruz,2015-10-25,39687.0
Ted_Cruz,2015-11-01,118595.0
Ted_Cruz,2015-11-08,68530.0
Ted_Cruz,2015-11-15,123670.0
Ted_Cruz,2015-11-22,92638.0
Ted_Cruz,2015-11-29,88775.0
Ted_Cruz,2015-12-06,107781.0
Ted_Cruz,2015-12-13,220009.0
Ted_Cruz,2015-12-20,423420.0
Ted_Cruz,2015-12-27,175702.0
Ted_Cruz,2016-01-03,92277.0
Ted_Cruz,2016-01-10,284239.0
Ted_Cruz,2016-01-17,434257.0
Ted_Cruz,2016-01-24,284312.0
Ted_Cruz,2016-01-31,310763.0
Ted_Cruz,2016-02-07,1111845.0
Ted_Cruz,2016-02-14,343339.0
Ted_Cruz,2016-02-21,403138.0
Ted_Cruz,2016-02-28,365912.0
Ted_Cruz,2016-03-06,595090.0
Ted_Cruz,2016-03-13,394275.0
Ted_Cruz,2016-03-20,291529.0
Ted_Cruz,2016-03-27,288066.0
Ted_Cruz,2016-04-03,251753.0
Ted_Cruz,2016-04-10,248637.0
Ted_Cruz,2016-04-17,212666.0
Ted_Cruz,2016-04-24,148010.0
Ted_Cruz,2016-05-01,161007.0
