Page,Date,Sum of PageViews
Apache_Hadoop,2010-04-30,160.0
Apache_Hadoop,2010-05-31,90.0
Apache_Hadoop,2010-06-30,69.0
Apache_Hadoop,2010-07-31,119.0
Apache_Hadoop,2010-08-31,96.0
Apache_Hadoop,2010-09-30,126.0
Apache_Hadoop,2010-10-31,128.0
Apache_Hadoop,2010-11-30,144.0
Apache_Hadoop,2010-12-31,155.0
Apache_Hadoop,2011-01-31,226.0
Apache_Hadoop,2011-02-28,218.0
Apache_Hadoop,2011-03-31,7284.0
Apache_Hadoop,2011-04-30,22041.0
Apache_Hadoop,2011-05-31,23533.0
Apache_Hadoop,2011-06-30,26214.0
Apache_Hadoop,2011-07-31,30437.0
Apache_Hadoop,2011-08-31,26727.0
Apache_Hadoop,2011-09-30,27363.0
Apache_Hadoop,2011-10-31,40597.0
Apache_Hadoop,2011-11-30,52962.0
Apache_Hadoop,2011-12-31,38667.0
Apache_Hadoop,2012-01-31,48218.0
Apache_Hadoop,2012-02-29,54983.0
Apache_Hadoop,2012-03-31,52701.0
Apache_Hadoop,2012-04-30,46755.0
Apache_Hadoop,2012-05-31,53776.0
Apache_Hadoop,2012-06-30,64268.0
Apache_Hadoop,2012-07-31,59526.0
Apache_Hadoop,2012-08-31,65522.0
Apache_Hadoop,2012-09-30,65091.0
Apache_Hadoop,2012-10-31,89703.0
Apache_Hadoop,2012-11-30,83483.0
Apache_Hadoop,2012-12-31,70835.0
Apache_Hadoop,2013-01-31,87777.0
Apache_Hadoop,2013-02-28,84024.0
Apache_Hadoop,2013-03-31,113311.0
Apache_Hadoop,2013-04-30,108875.0
Apache_Hadoop,2013-05-31,99531.0
Apache_Hadoop,2013-06-30,104274.0
Apache_Hadoop,2013-07-31,96920.0
Apache_Hadoop,2013-08-31,90926.0
Apache_Hadoop,2013-09-30,90631.0
Apache_Hadoop,2013-10-31,97797.0
Apache_Hadoop,2013-11-30,93571.0
Apache_Hadoop,2013-12-31,105513.0
Apache_Hadoop,2014-01-31,104466.0
Apache_Hadoop,2014-02-28,104884.0
Apache_Hadoop,2014-03-31,114182.0
Apache_Hadoop,2014-04-30,109866.0
Apache_Hadoop,2014-05-31,102164.0
Apache_Hadoop,2014-06-30,101699.0
Apache_Hadoop,2014-07-31,109366.0
Apache_Hadoop,2014-08-31,98245.0
Apache_Hadoop,2014-09-30,114694.0
Apache_Hadoop,2014-10-31,110751.0
Apache_Hadoop,2014-11-30,121751.0
Apache_Hadoop,2014-12-31,95267.0
Apache_Hadoop,2015-01-31,104800.0
Apache_Hadoop,2015-02-28,109174.0
Apache_Hadoop,2015-03-31,118030.0
Apache_Hadoop,2015-04-30,125597.0
Apache_Hadoop,2015-05-31,94636.0
Apache_Hadoop,2015-06-30,101526.0
Apache_Hadoop,2015-07-31,102885.0
Apache_Hadoop,2015-08-31,103368.0
Apache_Hadoop,2015-09-30,128434.0
Apache_Hadoop,2015-10-31,138419.0
Apache_Hadoop,2015-11-30,111706.0
Apache_Hadoop,2015-12-31,89657.0
Apache_Hadoop,2016-01-31,93792.0
Apache_Hadoop,2016-02-29,112214.0
Apache_Hadoop,2016-03-31,122756.0
Apache_Hadoop,2016-04-30,92587.0
Apache_Spark,2013-10-31,2.0
Apache_Spark,2013-11-30,2.0
Apache_Spark,2013-12-31,1.0
Apache_Spark,2014-01-31,2.0
Apache_Spark,2014-02-28,3.0
Apache_Spark,2014-03-31,3928.0
Apache_Spark,2014-04-30,6465.0
Apache_Spark,2014-05-31,7667.0
Apache_Spark,2014-06-30,8769.0
Apache_Spark,2014-07-31,10010.0
Apache_Spark,2014-08-31,8788.0
Apache_Spark,2014-09-30,10621.0
Apache_Spark,2014-10-31,14407.0
Apache_Spark,2014-11-30,17089.0
Apache_Spark,2014-12-31,16640.0
Apache_Spark,2015-01-31,20050.0
Apache_Spark,2015-02-28,21010.0
Apache_Spark,2015-03-31,25931.0
Apache_Spark,2015-04-30,29288.0
Apache_Spark,2015-05-31,26307.0
Apache_Spark,2015-06-30,36331.0
Apache_Spark,2015-07-31,32426.0
Apache_Spark,2015-08-31,30889.0
Apache_Spark,2015-09-30,36131.0
Apache_Spark,2015-10-31,39207.0
Apache_Spark,2015-11-30,39034.0
Apache_Spark,2015-12-31,35295.0
Apache_Spark,2016-01-31,38587.0
Apache_Spark,2016-02-29,42658.0
Apache_Spark,2016-03-31,47813.0
Apache_Spark,2016-04-30,45374.0
Bernie_Sanders,2010-04-30,10737.0
Bernie_Sanders,2010-05-31,13372.0
Bernie_Sanders,2010-06-30,7572.0
Bernie_Sanders,2010-07-31,9750.0
Bernie_Sanders,2010-08-31,13251.0
Bernie_Sanders,2010-09-30,14363.0
Bernie_Sanders,2010-10-31,16525.0
Bernie_Sanders,2010-11-30,25816.0
Bernie_Sanders,2010-12-31,123046.0
Bernie_Sanders,2011-01-31,21208.0
Bernie_Sanders,2011-02-28,16435.0
Bernie_Sanders,2011-03-31,18604.0
Bernie_Sanders,2011-04-30,40863.0
Bernie_Sanders,2011-05-31,20047.0
Bernie_Sanders,2011-06-30,20322.0
Bernie_Sanders,2011-07-31,29290.0
Bernie_Sanders,2011-08-31,30717.0
Bernie_Sanders,2011-09-30,17497.0
Bernie_Sanders,2011-10-31,23818.0
Bernie_Sanders,2011-11-30,26951.0
Bernie_Sanders,2011-12-31,23749.0
Bernie_Sanders,2012-01-31,43014.0
Bernie_Sanders,2012-02-29,19782.0
Bernie_Sanders,2012-03-31,23274.0
Bernie_Sanders,2012-04-30,15642.0
Bernie_Sanders,2012-05-31,15874.0
Bernie_Sanders,2012-06-30,20866.0
Bernie_Sanders,2012-07-31,19928.0
Bernie_Sanders,2012-08-31,24601.0
Bernie_Sanders,2012-09-30,27609.0
Bernie_Sanders,2012-10-31,24382.0
Bernie_Sanders,2012-11-30,59905.0
Bernie_Sanders,2012-12-31,21664.0
Bernie_Sanders,2013-01-31,22029.0
Bernie_Sanders,2013-02-28,15256.0
Bernie_Sanders,2013-03-31,17718.0
Bernie_Sanders,2013-04-30,22786.0
Bernie_Sanders,2013-05-31,16260.0
Bernie_Sanders,2013-06-30,15437.0
Bernie_Sanders,2013-07-31,12308.0
Bernie_Sanders,2013-08-31,9979.0
Bernie_Sanders,2013-09-30,13714.0
Bernie_Sanders,2013-10-31,24153.0
Bernie_Sanders,2013-11-30,20523.0
Bernie_Sanders,2013-12-31,21318.0
Bernie_Sanders,2014-01-31,21101.0
Bernie_Sanders,2014-02-28,18926.0
Bernie_Sanders,2014-03-31,34320.0
Bernie_Sanders,2014-04-30,25724.0
Bernie_Sanders,2014-05-31,30501.0
Bernie_Sanders,2014-06-30,21324.0
Bernie_Sanders,2014-07-31,29281.0
Bernie_Sanders,2014-08-31,28858.0
Bernie_Sanders,2014-09-30,44328.0
Bernie_Sanders,2014-10-31,28678.0
Bernie_Sanders,2014-11-30,58475.0
Bernie_Sanders,2014-12-31,33130.0
Bernie_Sanders,2015-01-31,35070.0
Bernie_Sanders,2015-02-28,36187.0
Bernie_Sanders,2015-03-31,47566.0
Bernie_Sanders,2015-04-30,185382.0
Bernie_Sanders,2015-05-31,358602.0
Bernie_Sanders,2015-06-30,325457.0
Bernie_Sanders,2015-07-31,733075.0
Bernie_Sanders,2015-08-31,1332113.0
Bernie_Sanders,2015-09-30,1089945.0
Bernie_Sanders,2015-10-31,1431820.0
Bernie_Sanders,2015-11-30,638351.0
Bernie_Sanders,2015-12-31,700395.0
Bernie_Sanders,2016-01-31,1727456.0
Bernie_Sanders,2016-02-29,3588261.0
Bernie_Sanders,2016-03-31,2026130.0
Bernie_Sanders,2016-04-30,1337991.0
Deep_Learning,2010-07-31,1.0
Deep_Learning,2010-08-31,1.0
Deep_Learning,2010-09-30,
Deep_Learning,2010-10-31,
Deep_Learning,2010-11-30,3.0
Deep_Learning,2010-12-31,
Deep_Learning,2011-01-31,2.0
Deep_Learning,2011-02-28,1.0
Deep_Learning,2011-03-31,15.0
Deep_Learning,2011-04-30,41.0
Deep_Learning,2011-05-31,59.0
Deep_Learning,2011-06-30,49.0
Deep_Learning,2011-07-31,254.0
Deep_Learning,2011-08-31,445.0
Deep_Learning,2011-09-30,424.0
Deep_Learning,2011-10-31,672.0
Deep_Learning,2011-11-30,239.0
Deep_Learning,2011-12-31,79.0
Deep_Learning,2012-01-31,106.0
Deep_Learning,2012-02-29,88.0
Deep_Learning,2012-03-31,61.0
Deep_Learning,2012-04-30,85.0
Deep_Learning,2012-05-31,91.0
Deep_Learning,2012-06-30,97.0
Deep_Learning,2012-07-31,130.0
Deep_Learning,2012-08-31,90.0
Deep_Learning,2012-09-30,91.0
Deep_Learning,2012-10-31,193.0
Deep_Learning,2012-11-30,481.0
Deep_Learning,2012-12-31,301.0
Deep_Learning,2013-01-31,257.0
Deep_Learning,2013-02-28,168.0
Deep_Learning,2013-03-31,602.0
Deep_Learning,2013-04-30,493.0
Deep_Learning,2013-05-31,364.0
Deep_Learning,2013-06-30,502.0
Deep_Learning,2013-07-31,381.0
Deep_Learning,2013-08-31,456.0
Deep_Learning,2013-09-30,421.0
Deep_Learning,2013-10-31,449.0
Deep_Learning,2013-11-30,439.0
Deep_Learning,2013-12-31,952.0
Deep_Learning,2014-01-31,1450.0
Deep_Learning,2014-02-28,1622.0
Deep_Learning,2014-03-31,1551.0
Deep_Learning,2014-04-30,1069.0
Deep_Learning,2014-05-31,1047.0
Deep_Learning,2014-06-30,1052.0
Deep_Learning,2014-07-31,1391.0
Deep_Learning,2014-08-31,1173.0
Deep_Learning,2014-09-30,1127.0
Deep_Learning,2014-10-31,1024.0
Deep_Learning,2014-11-30,1032.0
Deep_Learning,2014-12-31,1821.0
Deep_Learning,2015-01-31,1984.0
Deep_Learning,2015-02-28,1756.0
Deep_Learning,2015-03-31,1890.0
Deep_Learning,2015-04-30,1788.0
Deep_Learning,2015-05-31,2209.0
Deep_Learning,2015-06-30,2217.0
Deep_Learning,2015-07-31,2102.0
Deep_Learning,2015-08-31,2279.0
Deep_Learning,2015-09-30,2398.0
Deep_Learning,2015-10-31,2176.0
Deep_Learning,2015-11-30,862.0
Deep_Learning,2015-12-31,944.0
Deep_Learning,2016-01-31,931.0
Deep_Learning,2016-02-29,851.0
Deep_Learning,2016-03-31,1085.0
Deep_Learning,2016-04-30,910.0
Donald_Trump,2010-04-30,159284.0
Donald_Trump,2010-05-31,227770.0
Donald_Trump,2010-06-30,86808.0
Donald_Trump,2010-07-31,96347.0
Donald_Trump,2010-08-31,135140.0
Donald_Trump,2010-09-30,176916.0
Donald_Trump,2010-10-31,200560.0
Donald_Trump,2010-11-30,213183.0
Donald_Trump,2010-12-31,175267.0
Donald_Trump,2011-01-31,196276.0
Donald_Trump,2011-02-28,287003.0
Donald_Trump,2011-03-31,468231.0
Donald_Trump,2011-04-30,942466.0
Donald_Trump,2011-05-31,575577.0
Donald_Trump,2011-06-30,179487.0
Donald_Trump,2011-07-31,188171.0
Donald_Trump,2011-08-31,179897.0
Donald_Trump,2011-09-30,146035.0
Donald_Trump,2011-10-31,150176.0
Donald_Trump,2011-11-30,146784.0
Donald_Trump,2011-12-31,197969.0
Donald_Trump,2012-01-31,155148.0
Donald_Trump,2012-02-29,215493.0
Donald_Trump,2012-03-31,241633.0
Donald_Trump,2012-04-30,222174.0
Donald_Trump,2012-05-31,213929.0
Donald_Trump,2012-06-30,149542.0
Donald_Trump,2012-07-31,140983.0
Donald_Trump,2012-08-31,155487.0
Donald_Trump,2012-09-30,150762.0
Donald_Trump,2012-10-31,325710.0
Donald_Trump,2012-11-30,273941.0
Donald_Trump,2012-12-31,171899.0
Donald_Trump,2013-01-31,192058.0
Donald_Trump,2013-02-28,149203.0
Donald_Trump,2013-03-31,249368.0
Donald_Trump,2013-04-30,205939.0
Donald_Trump,2013-05-31,168122.0
Donald_Trump,2013-06-30,134126.0
Donald_Trump,2013-07-31,120223.0
Donald_Trump,2013-08-31,126679.0
Donald_Trump,2013-09-30,100353.0
Donald_Trump,2013-10-31,110270.0
Donald_Trump,2013-11-30,99002.0
Donald_Trump,2013-12-31,127207.0
Donald_Trump,2014-01-31,109482.0
Donald_Trump,2014-02-28,92436.0
Donald_Trump,2014-03-31,100253.0
Donald_Trump,2014-04-30,113833.0
Donald_Trump,2014-05-31,106100.0
Donald_Trump,2014-06-30,96436.0
Donald_Trump,2014-07-31,89211.0
Donald_Trump,2014-08-31,108394.0
Donald_Trump,2014-09-30,108968.0
Donald_Trump,2014-10-31,100795.0
Donald_Trump,2014-11-30,87965.0
Donald_Trump,2014-12-31,80644.0
Donald_Trump,2015-01-31,147720.0
Donald_Trump,2015-02-28,111866.0
Donald_Trump,2015-03-31,118809.0
Donald_Trump,2015-04-30,89749.0
Donald_Trump,2015-05-31,84362.0
Donald_Trump,2015-06-30,475950.0
Donald_Trump,2015-07-31,1827112.0
Donald_Trump,2015-08-31,2896610.0
Donald_Trump,2015-09-30,2031231.0
Donald_Trump,2015-10-31,1204432.0
Donald_Trump,2015-11-30,1198269.0
Donald_Trump,2015-12-31,2611070.0
Donald_Trump,2016-01-31,2394948.0
Donald_Trump,2016-02-29,8097919.0
Donald_Trump,2016-03-31,20952347.0
Donald_Trump,2016-04-30,3606424.0
Hillary_Clinton,2010-04-30,18108.0
Hillary_Clinton,2010-05-31,15625.0
Hillary_Clinton,2010-06-30,10674.0
Hillary_Clinton,2010-07-31,12651.0
Hillary_Clinton,2010-08-31,18478.0
Hillary_Clinton,2010-09-30,17480.0
Hillary_Clinton,2010-10-31,17736.0
Hillary_Clinton,2010-11-30,17567.0
Hillary_Clinton,2010-12-31,16571.0
Hillary_Clinton,2011-01-31,16312.0
Hillary_Clinton,2011-02-28,18240.0
Hillary_Clinton,2011-03-31,24627.0
Hillary_Clinton,2011-04-30,14232.0
Hillary_Clinton,2011-05-31,17237.0
Hillary_Clinton,2011-06-30,16259.0
Hillary_Clinton,2011-07-31,17392.0
Hillary_Clinton,2011-08-31,12916.0
Hillary_Clinton,2011-09-30,18899.0
Hillary_Clinton,2011-10-31,16358.0
Hillary_Clinton,2011-11-30,14962.0
Hillary_Clinton,2011-12-31,14736.0
Hillary_Clinton,2012-01-31,17265.0
Hillary_Clinton,2012-02-29,15917.0
Hillary_Clinton,2012-03-31,15714.0
Hillary_Clinton,2012-04-30,15526.0
Hillary_Clinton,2012-05-31,16802.0
Hillary_Clinton,2012-06-30,17003.0
Hillary_Clinton,2012-07-31,18819.0
Hillary_Clinton,2012-08-31,16433.0
Hillary_Clinton,2012-09-30,22679.0
Hillary_Clinton,2012-10-31,18124.0
Hillary_Clinton,2012-11-30,36153.0
Hillary_Clinton,2012-12-31,25009.0
Hillary_Clinton,2013-01-31,26805.0
Hillary_Clinton,2013-02-28,13695.0
Hillary_Clinton,2013-03-31,18582.0
Hillary_Clinton,2013-04-30,17989.0
Hillary_Clinton,2013-05-31,17905.0
Hillary_Clinton,2013-06-30,19355.0
Hillary_Clinton,2013-07-31,22909.0
Hillary_Clinton,2013-08-31,13019.0
Hillary_Clinton,2013-09-30,11677.0
Hillary_Clinton,2013-10-31,11790.0
Hillary_Clinton,2013-11-30,12270.0
Hillary_Clinton,2013-12-31,13545.0
Hillary_Clinton,2014-01-31,14348.0
Hillary_Clinton,2014-02-28,13593.0
Hillary_Clinton,2014-03-31,14315.0
Hillary_Clinton,2014-04-30,14376.0
Hillary_Clinton,2014-05-31,15625.0
Hillary_Clinton,2014-06-30,14597.0
Hillary_Clinton,2014-07-31,12002.0
Hillary_Clinton,2014-08-31,10298.0
Hillary_Clinton,2014-09-30,11580.0
Hillary_Clinton,2014-10-31,11979.0
Hillary_Clinton,2014-11-30,14554.0
Hillary_Clinton,2014-12-31,10934.0
Hillary_Clinton,2015-01-31,11884.0
Hillary_Clinton,2015-02-28,13437.0
Hillary_Clinton,2015-03-31,15350.0
Hillary_Clinton,2015-04-30,22592.0
Hillary_Clinton,2015-05-31,14589.0
Hillary_Clinton,2015-06-30,104279.0
Hillary_Clinton,2015-07-31,261582.0
Hillary_Clinton,2015-08-31,467549.0
Hillary_Clinton,2015-09-30,394017.0
Hillary_Clinton,2015-10-31,640156.0
Hillary_Clinton,2015-11-30,367951.0
Hillary_Clinton,2015-12-31,407493.0
Hillary_Clinton,2016-01-31,634414.0
Hillary_Clinton,2016-02-29,1143542.0
Hillary_Clinton,2016-03-31,1340343.0
Hillary_Clinton,2016-04-30,918838.0
Independence_Day_(United_States),2010-04-30,49837.0
Independence_Day_(United_States),2010-05-31,71290.0
Independence_Day_(United_States),2010-06-30,136989.0
Independence_Day_(United_States),2010-07-31,456430.0
Independence_Day_(United_States),2010-08-31,77733.0
Independence_Day_(United_States),2010-09-30,85499.0
Independence_Day_(United_States),2010-10-31,75381.0
Independence_Day_(United_States),2010-11-30,82535.0
Independence_Day_(United_States),2010-12-31,76800.0
Independence_Day_(United_States),2011-01-31,85690.0
Independence_Day_(United_States),2011-02-28,58385.0
Independence_Day_(United_States),2011-03-31,62805.0
Independence_Day_(United_States),2011-04-30,62643.0
Independence_Day_(United_States),2011-05-31,80047.0
Independence_Day_(United_States),2011-06-30,195902.0
Independence_Day_(United_States),2011-07-31,764989.0
Independence_Day_(United_States),2011-08-31,65166.0
Independence_Day_(United_States),2011-09-30,58884.0
Independence_Day_(United_States),2011-10-31,63414.0
Independence_Day_(United_States),2011-11-30,68081.0
Independence_Day_(United_States),2011-12-31,50471.0
Independence_Day_(United_States),2012-01-31,63211.0
Independence_Day_(United_States),2012-02-29,61748.0
Independence_Day_(United_States),2012-03-31,59192.0
Independence_Day_(United_States),2012-04-30,55556.0
Independence_Day_(United_States),2012-05-31,92595.0
Independence_Day_(United_States),2012-06-30,216790.0
Independence_Day_(United_States),2012-07-31,1417500.0
Independence_Day_(United_States),2012-08-31,85872.0
Independence_Day_(United_States),2012-09-30,81901.0
Independence_Day_(United_States),2012-10-31,78700.0
Independence_Day_(United_States),2012-11-30,83895.0
Independence_Day_(United_States),2012-12-31,66034.0
Independence_Day_(United_States),2013-01-31,78645.0
Independence_Day_(United_States),2013-02-28,64338.0
Independence_Day_(United_States),2013-03-31,73461.0
Independence_Day_(United_States),2013-04-30,76583.0
Independence_Day_(United_States),2013-05-31,97643.0
Independence_Day_(United_States),2013-06-30,222456.0
Independence_Day_(United_States),2013-07-31,1280849.0
Independence_Day_(United_States),2013-08-31,107532.0
Independence_Day_(United_States),2013-09-30,74422.0
Independence_Day_(United_States),2013-10-31,77512.0
Independence_Day_(United_States),2013-11-30,80727.0
Independence_Day_(United_States),2013-12-31,58397.0
Independence_Day_(United_States),2014-01-31,50033.0
Independence_Day_(United_States),2014-02-28,49556.0
Independence_Day_(United_States),2014-03-31,53753.0
Independence_Day_(United_States),2014-04-30,52067.0
Independence_Day_(United_States),2014-05-31,69821.0
Independence_Day_(United_States),2014-06-30,153642.0
Independence_Day_(United_States),2014-07-31,724456.0
Independence_Day_(United_States),2014-08-31,56380.0
Independence_Day_(United_States),2014-09-30,63979.0
Independence_Day_(United_States),2014-10-31,49748.0
Independence_Day_(United_States),2014-11-30,47665.0
Independence_Day_(United_States),2014-12-31,24746.0
Independence_Day_(United_States),2015-01-31,27340.0
Independence_Day_(United_States),2015-02-28,24747.0
Independence_Day_(United_States),2015-03-31,52073.0
Independence_Day_(United_States),2015-04-30,27329.0
Independence_Day_(United_States),2015-05-31,36509.0
Independence_Day_(United_States),2015-06-30,112228.0
Independence_Day_(United_States),2015-07-31,505025.0
Independence_Day_(United_States),2015-08-31,94611.0
Independence_Day_(United_States),2015-09-30,80330.0
Independence_Day_(United_States),2015-10-31,72988.0
Independence_Day_(United_States),2015-11-30,79445.0
Independence_Day_(United_States),2015-12-31,68068.0
Independence_Day_(United_States),2016-01-31,71258.0
Independence_Day_(United_States),2016-02-29,98278.0
Independence_Day_(United_States),2016-03-31,78299.0
Independence_Day_(United_States),2016-04-30,80241.0
Jack_Ma,2010-04-30,2087.0
Jack_Ma,2010-05-31,2106.0
Jack_Ma,2010-06-30,1571.0
Jack_Ma,2010-07-31,1955.0
Jack_Ma,2010-08-31,2918.0
Jack_Ma,2010-09-30,8450.0
Jack_Ma,2010-10-31,4451.0
Jack_Ma,2010-11-30,4281.0
Jack_Ma,2010-12-31,3523.0
Jack_Ma,2011-01-31,3990.0
Jack_Ma,2011-02-28,3335.0
Jack_Ma,2011-03-31,3460.0
Jack_Ma,2011-04-30,3056.0
Jack_Ma,2011-05-31,5759.0
Jack_Ma,2011-06-30,5070.0
Jack_Ma,2011-07-31,3444.0
Jack_Ma,2011-08-31,2868.0
Jack_Ma,2011-09-30,4336.0
Jack_Ma,2011-10-31,13676.0
Jack_Ma,2011-11-30,5198.0
Jack_Ma,2011-12-31,4946.0
Jack_Ma,2012-01-31,3681.0
Jack_Ma,2012-02-29,5485.0
Jack_Ma,2012-03-31,3791.0
Jack_Ma,2012-04-30,3634.0
Jack_Ma,2012-05-31,6333.0
Jack_Ma,2012-06-30,3851.0
Jack_Ma,2012-07-31,3065.0
Jack_Ma,2012-08-31,3425.0
Jack_Ma,2012-09-30,5631.0
Jack_Ma,2012-10-31,4939.0
Jack_Ma,2012-11-30,4870.0
Jack_Ma,2012-12-31,4503.0
Jack_Ma,2013-01-31,8971.0
Jack_Ma,2013-02-28,3884.0
Jack_Ma,2013-03-31,8516.0
Jack_Ma,2013-04-30,6662.0
Jack_Ma,2013-05-31,11357.0
Jack_Ma,2013-06-30,7189.0
Jack_Ma,2013-07-31,9238.0
Jack_Ma,2013-08-31,7212.0
Jack_Ma,2013-09-30,8315.0
Jack_Ma,2013-10-31,8924.0
Jack_Ma,2013-11-30,9236.0
Jack_Ma,2013-12-31,10246.0
Jack_Ma,2014-01-31,8494.0
Jack_Ma,2014-02-28,10781.0
Jack_Ma,2014-03-31,22036.0
Jack_Ma,2014-04-30,20054.0
Jack_Ma,2014-05-31,58110.0
Jack_Ma,2014-06-30,18243.0
Jack_Ma,2014-07-31,16119.0
Jack_Ma,2014-08-31,20972.0
Jack_Ma,2014-09-30,304037.0
Jack_Ma,2014-10-31,69029.0
Jack_Ma,2014-11-30,88466.0
Jack_Ma,2014-12-31,52383.0
Jack_Ma,2015-01-31,56167.0
Jack_Ma,2015-02-28,46992.0
Jack_Ma,2015-03-31,42551.0
Jack_Ma,2015-04-30,36105.0
Jack_Ma,2015-05-31,44373.0
Jack_Ma,2015-06-30,58366.0
Jack_Ma,2015-07-31,75966.0
Jack_Ma,2015-08-31,81986.0
Jack_Ma,2015-09-30,81079.0
Jack_Ma,2015-10-31,79763.0
Jack_Ma,2015-11-30,134781.0
Jack_Ma,2015-12-31,85372.0
Jack_Ma,2016-01-31,79391.0
Jack_Ma,2016-02-29,150485.0
Jack_Ma,2016-03-31,119928.0
Jack_Ma,2016-04-30,108942.0
John_Kasich,2010-04-30,3204.0
John_Kasich,2010-05-31,4650.0
John_Kasich,2010-06-30,6307.0
John_Kasich,2010-07-31,5712.0
John_Kasich,2010-08-31,7929.0
John_Kasich,2010-09-30,13570.0
John_Kasich,2010-10-31,24238.0
John_Kasich,2010-11-30,44393.0
John_Kasich,2010-12-31,10850.0
John_Kasich,2011-01-31,24416.0
John_Kasich,2011-02-28,25415.0
John_Kasich,2011-03-31,27608.0
John_Kasich,2011-04-30,15540.0
John_Kasich,2011-05-31,12579.0
John_Kasich,2011-06-30,16884.0
John_Kasich,2011-07-31,13286.0
John_Kasich,2011-08-31,9030.0
John_Kasich,2011-09-30,7132.0
John_Kasich,2011-10-31,13288.0
John_Kasich,2011-11-30,23841.0
John_Kasich,2011-12-31,6535.0
John_Kasich,2012-01-31,8757.0
John_Kasich,2012-02-29,11047.0
John_Kasich,2012-03-31,10175.0
John_Kasich,2012-04-30,9270.0
John_Kasich,2012-05-31,8427.0
John_Kasich,2012-06-30,10704.0
John_Kasich,2012-07-31,9014.0
John_Kasich,2012-08-31,18724.0
John_Kasich,2012-09-30,15567.0
John_Kasich,2012-10-31,17725.0
John_Kasich,2012-11-30,20013.0
John_Kasich,2012-12-31,11735.0
John_Kasich,2013-01-31,11333.0
John_Kasich,2013-02-28,12234.0
John_Kasich,2013-03-31,12925.0
John_Kasich,2013-04-30,9148.0
John_Kasich,2013-05-31,9703.0
John_Kasich,2013-06-30,9948.0
John_Kasich,2013-07-31,12392.0
John_Kasich,2013-08-31,8143.0
John_Kasich,2013-09-30,6403.0
John_Kasich,2013-10-31,9490.0
John_Kasich,2013-11-30,11234.0
John_Kasich,2013-12-31,6562.0
John_Kasich,2014-01-31,10330.0
John_Kasich,2014-02-28,11177.0
John_Kasich,2014-03-31,14107.0
John_Kasich,2014-04-30,14828.0
John_Kasich,2014-05-31,11208.0
John_Kasich,2014-06-30,8088.0
John_Kasich,2014-07-31,8105.0
John_Kasich,2014-08-31,14586.0
John_Kasich,2014-09-30,8959.0
John_Kasich,2014-10-31,14981.0
John_Kasich,2014-11-30,28183.0
John_Kasich,2014-12-31,12764.0
John_Kasich,2015-01-31,18643.0
John_Kasich,2015-02-28,15662.0
John_Kasich,2015-03-31,21866.0
John_Kasich,2015-04-30,27590.0
John_Kasich,2015-05-31,24255.0
John_Kasich,2015-06-30,31901.0
John_Kasich,2015-07-31,210395.0
John_Kasich,2015-08-31,377352.0
John_Kasich,2015-09-30,200432.0
John_Kasich,2015-10-31,157502.0
John_Kasich,2015-11-30,160089.0
John_Kasich,2015-12-31,111572.0
John_Kasich,2016-01-31,189505.0
John_Kasich,2016-02-29,949272.0
John_Kasich,2016-03-31,1214042.0
John_Kasich,2016-04-30,406008.0
Megan_Fox,2010-04-30,370776.0
Megan_Fox,2010-05-31,603191.0
Megan_Fox,2010-06-30,664069.0
Megan_Fox,2010-07-31,474978.0
Megan_Fox,2010-08-31,673518.0
Megan_Fox,2010-09-30,524095.0
Megan_Fox,2010-10-31,442446.0
Megan_Fox,2010-11-30,385974.0
Megan_Fox,2010-12-31,482136.0
Megan_Fox,2011-01-31,510409.0
Megan_Fox,2011-02-28,459460.0
Megan_Fox,2011-03-31,401626.0
Megan_Fox,2011-04-30,366531.0
Megan_Fox,2011-05-31,435023.0
Megan_Fox,2011-06-30,675393.0
Megan_Fox,2011-07-31,739050.0
Megan_Fox,2011-08-31,366160.0
Megan_Fox,2011-09-30,258257.0
Megan_Fox,2011-10-31,379957.0
Megan_Fox,2011-11-30,403254.0
Megan_Fox,2011-12-31,388772.0
Megan_Fox,2012-01-31,532687.0
Megan_Fox,2012-02-29,438451.0
Megan_Fox,2012-03-31,482316.0
Megan_Fox,2012-04-30,413409.0
Megan_Fox,2012-05-31,487624.0
Megan_Fox,2012-06-30,511888.0
Megan_Fox,2012-07-31,469641.0
Megan_Fox,2012-08-31,473381.0
Megan_Fox,2012-09-30,376721.0
Megan_Fox,2012-10-31,426588.0
Megan_Fox,2012-11-30,433207.0
Megan_Fox,2012-12-31,570708.0
Megan_Fox,2013-01-31,645965.0
Megan_Fox,2013-02-28,401535.0
Megan_Fox,2013-03-31,431349.0
Megan_Fox,2013-04-30,375307.0
Megan_Fox,2013-05-31,420594.0
Megan_Fox,2013-06-30,369274.0
Megan_Fox,2013-07-31,310676.0
Megan_Fox,2013-08-31,299392.0
Megan_Fox,2013-09-30,190516.0
Megan_Fox,2013-10-31,277509.0
Megan_Fox,2013-11-30,304285.0
Megan_Fox,2013-12-31,220727.0
Megan_Fox,2014-01-31,206455.0
Megan_Fox,2014-02-28,235868.0
Megan_Fox,2014-03-31,228245.0
Megan_Fox,2014-04-30,185865.0
Megan_Fox,2014-05-31,209662.0
Megan_Fox,2014-06-30,233605.0
Megan_Fox,2014-07-31,262931.0
Megan_Fox,2014-08-31,324870.0
Megan_Fox,2014-09-30,157746.0
Megan_Fox,2014-10-31,191373.0
Megan_Fox,2014-11-30,148207.0
Megan_Fox,2014-12-31,153771.0
Megan_Fox,2015-01-31,144251.0
Megan_Fox,2015-02-28,106405.0
Megan_Fox,2015-03-31,103506.0
Megan_Fox,2015-04-30,102265.0
Megan_Fox,2015-05-31,102740.0
Megan_Fox,2015-06-30,94052.0
Megan_Fox,2015-07-31,224487.0
Megan_Fox,2015-08-31,448229.0
Megan_Fox,2015-09-30,249810.0
Megan_Fox,2015-10-31,232046.0
Megan_Fox,2015-11-30,221191.0
Megan_Fox,2015-12-31,282068.0
Megan_Fox,2016-01-31,270936.0
Megan_Fox,2016-02-29,352258.0
Megan_Fox,2016-03-31,299660.0
Megan_Fox,2016-04-30,454780.0
Ryan_Gosling,2010-04-30,85834.0
Ryan_Gosling,2010-05-31,90820.0
Ryan_Gosling,2010-06-30,68098.0
Ryan_Gosling,2010-07-31,68812.0
Ryan_Gosling,2010-08-31,99311.0
Ryan_Gosling,2010-09-30,102251.0
Ryan_Gosling,2010-10-31,122081.0
Ryan_Gosling,2010-11-30,111704.0
Ryan_Gosling,2010-12-31,216363.0
Ryan_Gosling,2011-01-31,308948.0
Ryan_Gosling,2011-02-28,164222.0
Ryan_Gosling,2011-03-31,144200.0
Ryan_Gosling,2011-04-30,153288.0
Ryan_Gosling,2011-05-31,210180.0
Ryan_Gosling,2011-06-30,200694.0
Ryan_Gosling,2011-07-31,333139.0
Ryan_Gosling,2011-08-31,445715.0
Ryan_Gosling,2011-09-30,518469.0
Ryan_Gosling,2011-10-31,589299.0
Ryan_Gosling,2011-11-30,562857.0
Ryan_Gosling,2011-12-31,526294.0
Ryan_Gosling,2012-01-31,656338.0
Ryan_Gosling,2012-02-29,691368.0
Ryan_Gosling,2012-03-31,405073.0
Ryan_Gosling,2012-04-30,396926.0
Ryan_Gosling,2012-05-31,409360.0
Ryan_Gosling,2012-06-30,506937.0
Ryan_Gosling,2012-07-31,475142.0
Ryan_Gosling,2012-08-31,384910.0
Ryan_Gosling,2012-09-30,409495.0
Ryan_Gosling,2012-10-31,378699.0
Ryan_Gosling,2012-11-30,456970.0
Ryan_Gosling,2012-12-31,428873.0
Ryan_Gosling,2013-01-31,871293.0
Ryan_Gosling,2013-02-28,458684.0
Ryan_Gosling,2013-03-31,520495.0
Ryan_Gosling,2013-04-30,554675.0
Ryan_Gosling,2013-05-31,455240.0
Ryan_Gosling,2013-06-30,387067.0
Ryan_Gosling,2013-07-31,363771.0
Ryan_Gosling,2013-08-31,348149.0
Ryan_Gosling,2013-09-30,243548.0
Ryan_Gosling,2013-10-31,229227.0
Ryan_Gosling,2013-11-30,304867.0
Ryan_Gosling,2013-12-31,260386.0
Ryan_Gosling,2014-01-31,251307.0
Ryan_Gosling,2014-02-28,255938.0
Ryan_Gosling,2014-03-31,232563.0
Ryan_Gosling,2014-04-30,200312.0
Ryan_Gosling,2014-05-31,216985.0
Ryan_Gosling,2014-06-30,199200.0
Ryan_Gosling,2014-07-31,337214.0
Ryan_Gosling,2014-08-31,163004.0
Ryan_Gosling,2014-09-30,213674.0
Ryan_Gosling,2014-10-31,158534.0
Ryan_Gosling,2014-11-30,149820.0
Ryan_Gosling,2014-12-31,139176.0
Ryan_Gosling,2015-01-31,151411.0
Ryan_Gosling,2015-02-28,129610.0
Ryan_Gosling,2015-03-31,175038.0
Ryan_Gosling,2015-04-30,134698.0
Ryan_Gosling,2015-05-31,123616.0
Ryan_Gosling,2015-06-30,97991.0
Ryan_Gosling,2015-07-31,257741.0
Ryan_Gosling,2015-08-31,269872.0
Ryan_Gosling,2015-09-30,263266.0
Ryan_Gosling,2015-10-31,241953.0
Ryan_Gosling,2015-11-30,256170.0
Ryan_Gosling,2015-12-31,439611.0
Ryan_Gosling,2016-01-31,393155.0
Ryan_Gosling,2016-02-29,313789.0
Ryan_Gosling,2016-03-31,279869.0
Ryan_Gosling,2016-04-30,324193.0
Sam_Anderson_(Tamil_actor),2011-01-31,984.0
Sam_Anderson_(Tamil_actor),2011-02-28,1150.0
Sam_Anderson_(Tamil_actor),2011-03-31,1339.0
Sam_Anderson_(Tamil_actor),2011-04-30,1256.0
Sam_Anderson_(Tamil_actor),2011-05-31,1482.0
Sam_Anderson_(Tamil_actor),2011-06-30,1405.0
Sam_Anderson_(Tamil_actor),2011-07-31,2231.0
Sam_Anderson_(Tamil_actor),2011-08-31,3244.0
Sam_Anderson_(Tamil_actor),2011-09-30,4929.0
Sam_Anderson_(Tamil_actor),2011-10-31,5643.0
Sam_Anderson_(Tamil_actor),2011-11-30,5163.0
Sam_Anderson_(Tamil_actor),2011-12-31,4348.0
Sam_Anderson_(Tamil_actor),2012-01-31,4236.0
Sam_Anderson_(Tamil_actor),2012-02-29,10722.0
Sam_Anderson_(Tamil_actor),2012-03-31,7574.0
Sam_Anderson_(Tamil_actor),2012-04-30,3701.0
Sam_Anderson_(Tamil_actor),2012-05-31,3622.0
Sam_Anderson_(Tamil_actor),2012-06-30,6595.0
Sam_Anderson_(Tamil_actor),2012-07-31,7843.0
Sam_Anderson_(Tamil_actor),2012-08-31,7013.0
Sam_Anderson_(Tamil_actor),2012-09-30,7327.0
Sam_Anderson_(Tamil_actor),2012-10-31,7012.0
Sam_Anderson_(Tamil_actor),2012-11-30,10275.0
Sam_Anderson_(Tamil_actor),2012-12-31,4951.0
Sam_Anderson_(Tamil_actor),2013-01-31,8351.0
Sam_Anderson_(Tamil_actor),2013-02-28,3243.0
Sam_Anderson_(Tamil_actor),2013-03-31,4159.0
Sam_Anderson_(Tamil_actor),2013-04-30,3072.0
Sam_Anderson_(Tamil_actor),2013-05-31,3931.0
Sam_Anderson_(Tamil_actor),2013-06-30,4216.0
Sam_Anderson_(Tamil_actor),2013-07-31,5298.0
Sam_Anderson_(Tamil_actor),2013-08-31,31447.0
Sam_Anderson_(Tamil_actor),2013-09-30,13208.0
Sam_Anderson_(Tamil_actor),2013-10-31,7068.0
Sam_Anderson_(Tamil_actor),2013-11-30,5761.0
Sam_Anderson_(Tamil_actor),2013-12-31,9541.0
Sam_Anderson_(Tamil_actor),2014-01-31,7851.0
Sam_Anderson_(Tamil_actor),2014-02-28,5430.0
Sam_Anderson_(Tamil_actor),2014-03-31,6433.0
Sam_Anderson_(Tamil_actor),2014-04-30,5177.0
Sam_Anderson_(Tamil_actor),2014-05-31,3589.0
Sam_Anderson_(Tamil_actor),2014-06-30,3162.0
Sam_Anderson_(Tamil_actor),2014-07-31,3293.0
Sam_Anderson_(Tamil_actor),2014-08-31,3130.0
Sam_Anderson_(Tamil_actor),2014-09-30,3018.0
Sam_Anderson_(Tamil_actor),2014-10-31,2367.0
Sam_Anderson_(Tamil_actor),2014-11-30,1839.0
Sam_Anderson_(Tamil_actor),2014-12-31,1472.0
Sam_Anderson_(Tamil_actor),2015-01-31,1503.0
Sam_Anderson_(Tamil_actor),2015-02-28,1172.0
Sam_Anderson_(Tamil_actor),2015-03-31,1841.0
Sam_Anderson_(Tamil_actor),2015-04-30,1216.0
Sam_Anderson_(Tamil_actor),2015-05-31,1041.0
Sam_Anderson_(Tamil_actor),2015-06-30,1408.0
Sam_Anderson_(Tamil_actor),2015-07-31,2736.0
Sam_Anderson_(Tamil_actor),2015-08-31,3527.0
Sam_Anderson_(Tamil_actor),2015-09-30,2655.0
Sam_Anderson_(Tamil_actor),2015-10-31,3421.0
Sam_Anderson_(Tamil_actor),2015-11-30,3663.0
Sam_Anderson_(Tamil_actor),2015-12-31,3880.0
Sam_Anderson_(Tamil_actor),2016-01-31,3879.0
Sam_Anderson_(Tamil_actor),2016-02-29,2818.0
Sam_Anderson_(Tamil_actor),2016-03-31,2730.0
Sam_Anderson_(Tamil_actor),2016-04-30,2863.0
Shah_Rukh_Khan,2010-04-30,9850.0
Shah_Rukh_Khan,2010-05-31,9769.0
Shah_Rukh_Khan,2010-06-30,6656.0
Shah_Rukh_Khan,2010-07-31,7708.0
Shah_Rukh_Khan,2010-08-31,10214.0
Shah_Rukh_Khan,2010-09-30,9555.0
Shah_Rukh_Khan,2010-10-31,9928.0
Shah_Rukh_Khan,2010-11-30,6205.0
Shah_Rukh_Khan,2010-12-31,7052.0
Shah_Rukh_Khan,2011-01-31,8198.0
Shah_Rukh_Khan,2011-02-28,8021.0
Shah_Rukh_Khan,2011-03-31,7285.0
Shah_Rukh_Khan,2011-04-30,7814.0
Shah_Rukh_Khan,2011-05-31,8141.0
Shah_Rukh_Khan,2011-06-30,10808.0
Shah_Rukh_Khan,2011-07-31,11084.0
Shah_Rukh_Khan,2011-08-31,7747.0
Shah_Rukh_Khan,2011-09-30,7015.0
Shah_Rukh_Khan,2011-10-31,10029.0
Shah_Rukh_Khan,2011-11-30,10401.0
Shah_Rukh_Khan,2011-12-31,8007.0
Shah_Rukh_Khan,2012-01-31,11239.0
Shah_Rukh_Khan,2012-02-29,14824.0
Shah_Rukh_Khan,2012-03-31,8318.0
Shah_Rukh_Khan,2012-04-30,8446.0
Shah_Rukh_Khan,2012-05-31,9705.0
Shah_Rukh_Khan,2012-06-30,8989.0
Shah_Rukh_Khan,2012-07-31,9417.0
Shah_Rukh_Khan,2012-08-31,8251.0
Shah_Rukh_Khan,2012-09-30,10559.0
Shah_Rukh_Khan,2012-10-31,13212.0
Shah_Rukh_Khan,2012-11-30,10432.0
Shah_Rukh_Khan,2012-12-31,8231.0
Shah_Rukh_Khan,2013-01-31,10951.0
Shah_Rukh_Khan,2013-02-28,6007.0
Shah_Rukh_Khan,2013-03-31,7650.0
Shah_Rukh_Khan,2013-04-30,9309.0
Shah_Rukh_Khan,2013-05-31,7556.0
Shah_Rukh_Khan,2013-06-30,22988.0
Shah_Rukh_Khan,2013-07-31,22828.0
Shah_Rukh_Khan,2013-08-31,24924.0
Shah_Rukh_Khan,2013-09-30,16449.0
Shah_Rukh_Khan,2013-10-31,14468.0
Shah_Rukh_Khan,2013-11-30,15761.0
Shah_Rukh_Khan,2013-12-31,20080.0
Shah_Rukh_Khan,2014-01-31,20553.0
Shah_Rukh_Khan,2014-02-28,16860.0
Shah_Rukh_Khan,2014-03-31,17886.0
Shah_Rukh_Khan,2014-04-30,16946.0
Shah_Rukh_Khan,2014-05-31,16110.0
Shah_Rukh_Khan,2014-06-30,13747.0
Shah_Rukh_Khan,2014-07-31,106974.0
Shah_Rukh_Khan,2014-08-31,206517.0
Shah_Rukh_Khan,2014-09-30,217669.0
Shah_Rukh_Khan,2014-10-31,252808.0
Shah_Rukh_Khan,2014-11-30,192132.0
Shah_Rukh_Khan,2014-12-31,182366.0
Shah_Rukh_Khan,2015-01-31,175382.0
Shah_Rukh_Khan,2015-02-28,127952.0
Shah_Rukh_Khan,2015-03-31,130528.0
Shah_Rukh_Khan,2015-04-30,145547.0
Shah_Rukh_Khan,2015-05-31,138365.0
Shah_Rukh_Khan,2015-06-30,130208.0
Shah_Rukh_Khan,2015-07-31,351443.0
Shah_Rukh_Khan,2015-08-31,388784.0
Shah_Rukh_Khan,2015-09-30,357152.0
Shah_Rukh_Khan,2015-10-31,428253.0
Shah_Rukh_Khan,2015-11-30,652247.0
Shah_Rukh_Khan,2015-12-31,701896.0
Shah_Rukh_Khan,2016-01-31,547003.0
Shah_Rukh_Khan,2016-02-29,424738.0
Shah_Rukh_Khan,2016-03-31,422786.0
Shah_Rukh_Khan,2016-04-30,595150.0
String_theory,2010-04-30,103435.0
String_theory,2010-05-31,113475.0
String_theory,2010-06-30,78957.0
String_theory,2010-07-31,97295.0
String_theory,2010-08-31,120002.0
String_theory,2010-09-30,148610.0
String_theory,2010-10-31,145018.0
String_theory,2010-11-30,127468.0
String_theory,2010-12-31,138937.0
String_theory,2011-01-31,151486.0
String_theory,2011-02-28,114884.0
String_theory,2011-03-31,130301.0
String_theory,2011-04-30,118924.0
String_theory,2011-05-31,122127.0
String_theory,2011-06-30,109011.0
String_theory,2011-07-31,104211.0
String_theory,2011-08-31,96795.0
String_theory,2011-09-30,96108.0
String_theory,2011-10-31,134671.0
String_theory,2011-11-30,147055.0
String_theory,2011-12-31,127101.0
String_theory,2012-01-31,139422.0
String_theory,2012-02-29,120885.0
String_theory,2012-03-31,112284.0
String_theory,2012-04-30,111959.0
String_theory,2012-05-31,121312.0
String_theory,2012-06-30,108789.0
String_theory,2012-07-31,148158.0
String_theory,2012-08-31,113316.0
String_theory,2012-09-30,116543.0
String_theory,2012-10-31,134756.0
String_theory,2012-11-30,128361.0
String_theory,2012-12-31,130702.0
String_theory,2013-01-31,134325.0
String_theory,2013-02-28,98129.0
String_theory,2013-03-31,109405.0
String_theory,2013-04-30,115897.0
String_theory,2013-05-31,105848.0
String_theory,2013-06-30,87932.0
String_theory,2013-07-31,79060.0
String_theory,2013-08-31,74936.0
String_theory,2013-09-30,80768.0
String_theory,2013-10-31,87797.0
String_theory,2013-11-30,85359.0
String_theory,2013-12-31,108397.0
String_theory,2014-01-31,92503.0
String_theory,2014-02-28,86494.0
String_theory,2014-03-31,96195.0
String_theory,2014-04-30,124217.0
String_theory,2014-05-31,100078.0
String_theory,2014-06-30,71533.0
String_theory,2014-07-31,65109.0
String_theory,2014-08-31,72746.0
String_theory,2014-09-30,73329.0
String_theory,2014-10-31,71239.0
String_theory,2014-11-30,96094.0
String_theory,2014-12-31,77075.0
String_theory,2015-01-31,73737.0
String_theory,2015-02-28,67602.0
String_theory,2015-03-31,88415.0
String_theory,2015-04-30,186820.0
String_theory,2015-05-31,218630.0
String_theory,2015-06-30,117877.0
String_theory,2015-07-31,138335.0
String_theory,2015-08-31,154216.0
String_theory,2015-09-30,128159.0
String_theory,2015-10-31,102054.0
String_theory,2015-11-30,183700.0
String_theory,2015-12-31,101476.0
String_theory,2016-01-31,103166.0
String_theory,2016-02-29,106984.0
String_theory,2016-03-31,101789.0
String_theory,2016-04-30,91714.0
Sundar_Pichai,2010-04-30,288.0
Sundar_Pichai,2010-05-31,1722.0
Sundar_Pichai,2010-06-30,1180.0
Sundar_Pichai,2010-07-31,360.0
Sundar_Pichai,2010-08-31,546.0
Sundar_Pichai,2010-09-30,535.0
Sundar_Pichai,2010-10-31,519.0
Sundar_Pichai,2010-11-30,1170.0
Sundar_Pichai,2010-12-31,10222.0
Sundar_Pichai,2011-01-31,3466.0
Sundar_Pichai,2011-02-28,862.0
Sundar_Pichai,2011-03-31,1280.0
Sundar_Pichai,2011-04-30,10774.0
Sundar_Pichai,2011-05-31,14079.0
Sundar_Pichai,2011-06-30,3690.0
Sundar_Pichai,2011-07-31,2673.0
Sundar_Pichai,2011-08-31,2369.0
Sundar_Pichai,2011-09-30,1921.0
Sundar_Pichai,2011-10-31,2100.0
Sundar_Pichai,2011-11-30,3092.0
Sundar_Pichai,2011-12-31,3059.0
Sundar_Pichai,2012-01-31,2208.0
Sundar_Pichai,2012-02-29,4958.0
Sundar_Pichai,2012-03-31,2655.0
Sundar_Pichai,2012-04-30,4871.0
Sundar_Pichai,2012-05-31,3767.0
Sundar_Pichai,2012-06-30,8419.0
Sundar_Pichai,2012-07-31,5785.0
Sundar_Pichai,2012-08-31,3089.0
Sundar_Pichai,2012-09-30,3032.0
Sundar_Pichai,2012-10-31,5201.0
Sundar_Pichai,2012-11-30,3346.0
Sundar_Pichai,2012-12-31,4987.0
Sundar_Pichai,2013-01-31,4052.0
Sundar_Pichai,2013-02-28,8154.0
Sundar_Pichai,2013-03-31,126123.0
Sundar_Pichai,2013-04-30,16741.0
Sundar_Pichai,2013-05-31,35180.0
Sundar_Pichai,2013-06-30,17164.0
Sundar_Pichai,2013-07-31,33401.0
Sundar_Pichai,2013-08-31,19214.0
Sundar_Pichai,2013-09-30,26699.0
Sundar_Pichai,2013-10-31,20361.0
Sundar_Pichai,2013-11-30,20264.0
Sundar_Pichai,2013-12-31,14275.0
Sundar_Pichai,2014-01-31,15960.0
Sundar_Pichai,2014-02-28,82420.0
Sundar_Pichai,2014-03-31,20235.0
Sundar_Pichai,2014-04-30,13956.0
Sundar_Pichai,2014-05-31,9621.0
Sundar_Pichai,2014-06-30,53498.0
Sundar_Pichai,2014-07-31,21888.0
Sundar_Pichai,2014-08-31,12607.0
Sundar_Pichai,2014-09-30,46127.0
Sundar_Pichai,2014-10-31,98822.0
Sundar_Pichai,2014-11-30,25675.0
Sundar_Pichai,2014-12-31,16525.0
Sundar_Pichai,2015-01-31,15987.0
Sundar_Pichai,2015-02-28,14425.0
Sundar_Pichai,2015-03-31,24170.0
Sundar_Pichai,2015-04-30,15983.0
Sundar_Pichai,2015-05-31,37889.0
Sundar_Pichai,2015-06-30,27380.0
Sundar_Pichai,2015-07-31,25349.0
Sundar_Pichai,2015-08-31,1707795.0
Sundar_Pichai,2015-09-30,444099.0
Sundar_Pichai,2015-10-31,282287.0
Sundar_Pichai,2015-11-30,179987.0
Sundar_Pichai,2015-12-31,578136.0
Sundar_Pichai,2016-01-31,269665.0
Sundar_Pichai,2016-02-29,362461.0
Sundar_Pichai,2016-03-31,262082.0
Sundar_Pichai,2016-04-30,212951.0
Ted_Cruz,2010-04-30,512.0
Ted_Cruz,2010-05-31,436.0
Ted_Cruz,2010-06-30,300.0
Ted_Cruz,2010-07-31,347.0
Ted_Cruz,2010-08-31,481.0
Ted_Cruz,2010-09-30,458.0
Ted_Cruz,2010-10-31,410.0
Ted_Cruz,2010-11-30,525.0
Ted_Cruz,2010-12-31,432.0
Ted_Cruz,2011-01-31,2068.0
Ted_Cruz,2011-02-28,1207.0
Ted_Cruz,2011-03-31,1530.0
Ted_Cruz,2011-04-30,1266.0
Ted_Cruz,2011-05-31,1133.0
Ted_Cruz,2011-06-30,4522.0
Ted_Cruz,2011-07-31,2455.0
Ted_Cruz,2011-08-31,1757.0
Ted_Cruz,2011-09-30,2133.0
Ted_Cruz,2011-10-31,3528.0
Ted_Cruz,2011-11-30,2832.0
Ted_Cruz,2011-12-31,2336.0
Ted_Cruz,2012-01-31,4130.0
Ted_Cruz,2012-02-29,4428.0
Ted_Cruz,2012-03-31,3306.0
Ted_Cruz,2012-04-30,6663.0
Ted_Cruz,2012-05-31,28743.0
Ted_Cruz,2012-06-30,10178.0
Ted_Cruz,2012-07-31,37676.0
Ted_Cruz,2012-08-31,86701.0
Ted_Cruz,2012-09-30,11836.0
Ted_Cruz,2012-10-31,20474.0
Ted_Cruz,2012-11-30,68330.0
Ted_Cruz,2012-12-31,15032.0
Ted_Cruz,2013-01-31,62716.0
Ted_Cruz,2013-02-28,91721.0
Ted_Cruz,2013-03-31,104378.0
Ted_Cruz,2013-04-30,40802.0
Ted_Cruz,2013-05-31,140651.0
Ted_Cruz,2013-06-30,61887.0
Ted_Cruz,2013-07-31,63705.0
Ted_Cruz,2013-08-31,147793.0
Ted_Cruz,2013-09-30,256492.0
Ted_Cruz,2013-10-31,489381.0
Ted_Cruz,2013-11-30,104629.0
Ted_Cruz,2013-12-31,63408.0
Ted_Cruz,2014-01-31,57410.0
Ted_Cruz,2014-02-28,60194.0
Ted_Cruz,2014-03-31,64504.0
Ted_Cruz,2014-04-30,47312.0
Ted_Cruz,2014-05-31,42155.0
Ted_Cruz,2014-06-30,57969.0
Ted_Cruz,2014-07-31,40202.0
Ted_Cruz,2014-08-31,34735.0
Ted_Cruz,2014-09-30,54466.0
Ted_Cruz,2014-10-31,39950.0
Ted_Cruz,2014-11-30,87678.0
Ted_Cruz,2014-12-31,51339.0
Ted_Cruz,2015-01-31,72093.0
Ted_Cruz,2015-02-28,48005.0
Ted_Cruz,2015-03-31,682259.0
Ted_Cruz,2015-04-30,222529.0
Ted_Cruz,2015-05-31,84667.0
Ted_Cruz,2015-06-30,81195.0
Ted_Cruz,2015-07-31,161372.0
Ted_Cruz,2015-08-31,414665.0
Ted_Cruz,2015-09-30,353664.0
Ted_Cruz,2015-10-31,239021.0
Ted_Cruz,2015-11-30,396702.0
Ted_Cruz,2015-12-31,968243.0
Ted_Cruz,2016-01-31,1352479.0
Ted_Cruz,2016-02-29,2272427.0
Ted_Cruz,2016-03-31,1696087.0
Ted_Cruz,2016-04-30,846753.0
